{
  "replace": false,
  "values": [
    "minecraft:rotten_flesh",
    "minecraft:cod",
    "minecraft:tropical_fish",
    "minecraft:pufferfish",
    "minecraft:salmon",
    "minecraft:beef",
    "minecraft:porkchop",
    "minecraft:mutton",
    "minecraft:chicken",
    "minecraft:rabbit",
    "minecraft:cooked_chicken",
    "minecraft:cooked_rabbit",
    "minecraft:rabbit_stew",
    "minecraft:cooked_porkchop",
    "minecraft:cooked_cod",
    "minecraft:cooked_beef",
    "minecraft:cooked_mutton",
    "minecraft:cooked_salmon",
    "minecraft:spider_eye",
    {
      "id": "#c:raw_meat",
      "required": false
    },
    {
      "id": "#c:cooked_meat",
      "required": false
    }
  ]
}