{
  "powers": [
    "genesis:ceiling_night_debuff",
    "genesis:fire_double_damage",
    "genesis:imobilized",
    "genesis:speedy_star",
    "genesis:star_buff",
    "genesis:supernova",
    "genesis:starbeam"
  ],
  "icon": {
    "item": "minecraft:end_crystal"
  },
  "order": 18,
  "impact": 3,
  "name": "Starborne",
  "description": "Being born from the stars, you are a usually nonviolent, star-obsessed, mysterious, and potentially powerful entity that fell from the stars down to this blocky world we reside."
}